Domain,Status,Attractiveness,Demand,Length,Sectors,Created,Expires,Registrar
one.kaufen,available,132,44%,3,"Business,General,Media,Technology",,,
brief.kaufen,available,124,19%,5,"Business,Education,General,Law",,,
complete.kaufen,available,120,21%,8,"Manufacturing,Retail,Technology",,,
second.kaufen,available,120,23%,6,"General,Mathematics",,,
wizard.kaufen,available,118,42%,6,"Entertainment,Media,Technology",,,
tenth.kaufen,available,116,7%,5,Mathematics,,,
flat.kaufen,available,116,24%,4,"Construction,Real Estate",,,
equal.kaufen,available,116,19%,5,"Education,General,Law",,,
tonic.kaufen,available,114,22%,5,"Health and Fitness,Medicine,Science",,,
above.kaufen,available,112,22%,5,Business,,,
acute.kaufen,available,112,9%,5,"Mathematics,Medicine,Science",,,
zero.kaufen,available,112,49%,4,Mathematics,,,
hotshot.kaufen,available,112,14%,7,"Business,Entertainment,Sports",,,
abstract.kaufen,available,108,29%,8,"Arts,Humanities,Science",,,
abiding.kaufen,available,106,5%,7,"General,Religion",,,
teen.kaufen,available,104,14%,4,"Education,Entertainment,Healthcare",,,
active.kaufen,available,104,27%,6,"Health and Fitness,Sports,Travel",,,
captive.kaufen,available,102,14%,7,"Entertainment,Hospitality,Technology",,,
absent.kaufen,available,102,8%,6,"Business,Education,Technology",,,
extra.kaufen,available,102,26%,5,"Fashion,Retail,Technology",,,
eight.kaufen,available,102,23%,5,"General,Mathematics",,,
crack.kaufen,available,100,20%,5,Sports,,,
ninth.kaufen,available,100,9%,5,Mathematics,,,
abrupt.kaufen,available,100,3%,6,"Medicine,Science",,,
whiz.kaufen,available,100,12%,4,"Business,Education,Technology",,,
third.kaufen,available,100,16%,5,Mathematics,,,
remove.kaufen,available,100,13%,6,"Construction,Manufacturing,Technology",,,
eighth.kaufen,available,100,6%,6,Mathematics,,,
adjunct.kaufen,available,100,5%,7,Education,,,
sixth.kaufen,available,100,8%,5,Mathematics,,,
whizz.kaufen,available,98,11%,5,"Business,Education,Technology",,,
genius.kaufen,available,98,46%,6,"Arts,Education,Technology",,,
actual.kaufen,available,96,22%,6,"Real Estate,Retail,Technology",,,
forgiving.kaufen,available,96,3%,9,"Healthcare,Religion",,,
academic.kaufen,available,96,20%,8,"Education,Humanities,Science",,,
alamode.kaufen,available,96,12%,9,Fashion,,,
doable.kaufen,available,96,9%,6,"Business,Education,Technology",,,
around.kaufen,available,94,22%,6,"Business,General,Media,Technology",,,
abject.kaufen,available,94,7%,6,Humanities,,,
about.kaufen,available,94,28%,5,"Business,General,Media,Technology",,,
virtuoso.kaufen,available,94,16%,8,"Arts,Entertainment",,,
adequate.kaufen,available,94,9%,8,"Education,Healthcare,Technology",,,
next.kaufen,available,92,43%,4,"Retail,Technology,Transportation",,,
adjective.kaufen,available,92,5%,9,Education,,,
neutral.kaufen,available,92,20%,7,"Business,Media,Politics",,,
exemplary.kaufen,available,92,5%,9,"Business,Education,Healthcare",,,
abroad.kaufen,available,92,12%,6,"Hospitality,Travel",,,
adept.kaufen,available,92,24%,5,"Education,Health and Fitness,Sports",,,
nought.kaufen,available,92,4%,6,Mathematics,,,
twentieth.kaufen,available,92,3%,9,Mathematics,,,
derelict.kaufen,available,92,7%,8,"Construction,Real Estate",,,
addictive.kaufen,available,90,9%,9,Healthcare,,,
leash.kaufen,available,90,7%,5,"General,Health and Fitness,Retail",,,
riveting.kaufen,available,90,6%,8,"Entertainment,Media,Technology",,,
adoring.kaufen,available,90,2%,7,"Entertainment,Fashion,Retail",,,
additional.kaufen,available,90,8%,10,"Fashion,Retail,Technology",,,
clear.kaufen,available,90,47%,5,"Manufacturing,Retail,Technology",,,
gripping.kaufen,available,90,3%,8,"Entertainment,Media,Technology",,,
abortive.kaufen,available,90,1%,8,"Medicine,Science",,,
endearing.kaufen,available,90,1%,9,"Entertainment,Fashion,Retail",,,
proficient.kaufen,available,88,8%,10,"Education,Health and Fitness,Sports",,,
activist.kaufen,available,88,12%,8,"Humanities,Politics",,,
ten.kaufen,available,88,28%,3,"General,Mathematics",,,
actionable.kaufen,available,88,13%,10,"Business,Law",,,
sixteen.kaufen,available,88,11%,7,Mathematics,,,
eleven.kaufen,available,88,33%,6,Mathematics,,,
twelve.kaufen,available,88,18%,6,"General,Mathematics",,,
fifteen.kaufen,available,88,13%,7,Mathematics,,,
adlib.kaufen,available,88,7%,6,Entertainment,,,
hundred.kaufen,available,88,14%,7,Mathematics,,,
ace.kaufen,available,88,34%,3,Sports,,,
three.kaufen,available,88,24%,5,Mathematics,,,
wide.kaufen,available,88,18%,4,"Business,Media,Technology",,,
xiv.kaufen,available,86,12%,3,Mathematics,,,
adolescent.kaufen,available,86,3%,10,"Education,Entertainment,Healthcare",,,
engrossing.kaufen,available,86,0%,10,"Entertainment,Media,Technology",,,
recondite.kaufen,available,86,4%,9,"Arts,Humanities,Science",,,
xix.kaufen,available,86,11%,3,Mathematics,,,
attendant.kaufen,available,86,5%,9,"Healthcare,Hospitality,Transportation",,,
star.kaufen,available,86,40%,4,"Entertainment,Media,Sports",,,
cipher.kaufen,available,86,29%,6,Mathematics,,,
intent.kaufen,available,86,25%,6,"Business,Education,Technology",,,
aboriginal.kaufen,available,86,10%,10,Humanities,,,
extempore.kaufen,available,86,3%,9,Entertainment,,,
seventeen.kaufen,available,84,7%,9,Mathematics,,,
deviate.kaufen,available,84,12%,7,"Medicine,Science",,,
adjustable.kaufen,available,84,3%,10,"Manufacturing,Retail,Technology",,,
grand.kaufen,available,84,25%,5,"Finance,General",,,
accessory.kaufen,available,84,8%,9,"Fashion,Retail,Technology",,,
fourteen.kaufen,available,84,8%,8,Mathematics,,,
sharp.kaufen,available,84,34%,5,"Arts,Fashion",,,
acting.kaufen,available,84,12%,6,Entertainment,,,
twentyone.kaufen,available,84,13%,10,Mathematics,,,
thirteen.kaufen,available,84,10%,8,Mathematics,,,
twentytwo.kaufen,available,84,11%,10,Mathematics,,,
nineteen.kaufen,available,84,8%,8,Mathematics,,,
thousand.kaufen,available,84,8%,8,Mathematics,,,
abdominal.kaufen,available,82,1%,9,"Health and Fitness,Medicine",,,
abroach.kaufen,available,82,1%,7,Food and Beverage,,,
altered.kaufen,available,82,9%,7,"Medicine,Science",,,
fivesome.kaufen,available,82,1%,8,Sports,,,
impromptu.kaufen,available,82,16%,9,Entertainment,,,
cleansing.kaufen,available,82,3%,9,Health and Fitness,,,
enduring.kaufen,available,82,9%,8,"Health and Fitness,Religion",,,
decade.kaufen,available,82,10%,6,Mathematics,,,
good.kaufen,available,82,47%,4,"Food and Beverage,General,Health and Fitness,Retail",,,
absorbent.kaufen,available,82,3%,9,"Healthcare,Manufacturing,Retail",,,
dozen.kaufen,available,82,10%,5,Mathematics,,,
abkhaz.kaufen,available,82,1%,6,Geography,,,
abenaki.kaufen,available,82,2%,7,Geography,,,
able.kaufen,available,80,29%,4,"Business,Education,General,Technology",,,
absolute.kaufen,available,80,25%,8,"Engineering,Mathematics,Science",,,
two.kaufen,available,80,24%,3,Mathematics,,,
abundant.kaufen,available,80,19%,8,"Agriculture,Manufacturing,Retail",,,
seventh.kaufen,available,80,10%,7,Mathematics,,,
first.kaufen,available,80,36%,5,"General,Mathematics",,,
worshipful.kaufen,available,80,1%,10,"Education,Healthcare,Religion",,,
absurd.kaufen,available,80,16%,6,"Arts,Entertainment,Media",,,
adoptable.kaufen,available,80,3%,9,"Education,Healthcare",,,
capable.kaufen,available,80,12%,7,"Business,Education,Technology",,,
dorsal.kaufen,available,80,6%,6,"Medicine,Science",,,
nine.kaufen,available,80,24%,4,"General,Mathematics",,,
yard.kaufen,available,80,26%,4,"Construction,General",,,
absorbable.kaufen,available,80,0%,10,"Healthcare,Pharmaceuticals,Science",,,
forty.kaufen,available,80,9%,5,Mathematics,,,
sequent.kaufen,available,80,7%,7,"Healthcare,Insurance,Transportation",,,
some.kaufen,available,80,32%,4,"Business,Media,Retail",,,
wiz.kaufen,available,80,30%,3,"Business,Education,Technology",,,
trio.kaufen,available,80,21%,4,Entertainment,,,
superstar.kaufen,available,80,18%,9,Entertainment,,,
twenty.kaufen,available,80,12%,6,Mathematics,,,
accepted.kaufen,available,78,6%,8,"Business,Education,Technology",,,
acceptable.kaufen,available,78,5%,10,"Business,Hospitality,Retail",,,
low.kaufen,available,78,20%,3,"Business,Finance",,,
acceptant.kaufen,available,78,1%,9,"Education,Healthcare",,,
athletic.kaufen,available,78,15%,8,"Health and Fitness,Sports",,,
recognized.kaufen,available,78,3%,10,"Business,Education,Technology",,,
absorptive.kaufen,available,78,1%,10,"Healthcare,Manufacturing,Retail",,,
accessible.kaufen,available,78,21%,10,"Healthcare,Retail,Technology",,,
adjacent.kaufen,available,78,9%,8,"Construction,Real Estate,Retail",,,
sixtynine.kaufen,available,78,8%,10,Mathematics,,,
accurate.kaufen,available,78,16%,8,"Engineering,Mathematics,Science",,,
abounding.kaufen,available,78,2%,9,Agriculture,,,
twentysix.kaufen,available,78,8%,10,Mathematics,,,
adrenal.kaufen,available,78,4%,7,"Education,Healthcare,Science",,,
abkhazian.kaufen,available,78,1%,9,Geography,,,
adorable.kaufen,available,78,8%,8,"Entertainment,Fashion,Retail",,,
abkhasian.kaufen,available,78,1%,9,Geography,,,
recognised.kaufen,available,78,3%,10,"Business,Education,Technology",,,
dormant.kaufen,available,78,4%,7,"Medicine,Science",,,
honestly.kaufen,available,78,9%,8,"Business,Law",,,
accidental.kaufen,available,78,11%,10,"Healthcare,Insurance,Transportation",,,
obscene.kaufen,available,76,5%,7,"Entertainment,Media",,,
energizing.kaufen,available,76,3%,10,"Food and Beverage,Health and Fitness,Travel",,,
adherent.kaufen,available,76,4%,8,"Politics,Religion",,,
thousandth.kaufen,available,76,1%,10,Mathematics,,,
resultant.kaufen,available,76,2%,9,"Healthcare,Insurance,Transportation",,,
addable.kaufen,available,76,2%,7,"Engineering,Mathematics,Science",,,
adhesive.kaufen,available,76,7%,8,"Construction,Manufacturing,Technology",,,
threed.kaufen,available,76,7%,7,Technology,,,
eighteen.kaufen,available,76,7%,8,Mathematics,,,
incidental.kaufen,available,76,4%,10,"Healthcare,Insurance,Transportation",,,
auxiliary.kaufen,available,76,7%,9,"Healthcare,Manufacturing,Technology",,,
acoustic.kaufen,available,76,14%,8,Science,,,
adaptive.kaufen,available,76,28%,8,"Business,Education,Technology",,,
ventral.kaufen,available,76,3%,7,Science,,,
fifteenth.kaufen,available,76,2%,9,Mathematics,,,
adipose.kaufen,available,76,2%,7,"Healthcare,Science",,,
ancillary.kaufen,available,76,6%,9,"Healthcare,Manufacturing,Technology",,,
hundredth.kaufen,available,76,1%,9,Mathematics,,,
fourteenth.kaufen,available,76,1%,10,Mathematics,,,
diamond.kaufen,available,76,32%,7,Fashion,,,
improvise.kaufen,available,76,4%,9,Entertainment,,,
adaptable.kaufen,available,76,9%,9,"Business,Education,Technology",,,
abrasive.kaufen,available,76,6%,8,"Construction,Manufacturing",,,
ague.kaufen,available,76,2%,4,"Geography,Medicine,Science",,,
nineteenth.kaufen,available,76,3%,10,Mathematics,,,
thirteenth.kaufen,available,76,4%,10,Mathematics,,,
firstrate.kaufen,available,76,6%,10,Business,,,
broad.kaufen,available,74,13%,5,"Entertainment,General,Media",,,
adapted.kaufen,available,74,6%,7,"Healthcare,Manufacturing,Technology",,,
activated.kaufen,available,74,9%,9,"Healthcare,Manufacturing,Technology",,,
single.kaufen,available,74,19%,6,Sports,,,
cleared.kaufen,available,74,7%,7,"Healthcare,Law,Transportation",,,
aberrant.kaufen,available,74,6%,8,"Medicine,Science",,,
mavin.kaufen,available,74,7%,5,"Entertainment,Fashion,Technology",,,
accepting.kaufen,available,74,3%,9,"Education,Healthcare",,,
realizable.kaufen,available,74,1%,10,"Business,Education,Technology",,,
skilful.kaufen,available,74,3%,7,"Education,Health and Fitness,Sports",,,
acuate.kaufen,available,74,2%,6,"Engineering,Medicine,Science",,,
manageable.kaufen,available,74,4%,10,"Business,Education,Technology",,,
achievable.kaufen,available,74,4%,10,"Business,Education,Technology",,,
adenoid.kaufen,available,74,1%,7,"Health and Fitness,Medicine,Science",,,
sensation.kaufen,available,74,7%,9,"Entertainment,Media,Sports",,,
playing.kaufen,available,74,12%,7,Entertainment,,,
adamant.kaufen,available,74,14%,7,Religion,,,
supra.kaufen,available,74,25%,5,"Medicine,Science",,,
adrenergic.kaufen,available,74,1%,10,"Education,Healthcare,Science",,,
abnormal.kaufen,available,74,16%,8,"Medicine,Science",,,
admirable.kaufen,available,74,5%,9,"Business,Education,Healthcare",,,
liv.kaufen,available,72,27%,3,Mathematics,,,
accusative.kaufen,available,72,0%,10,"Humanities,Law",,,
accustomed.kaufen,available,72,1%,10,"Business,Education,Humanities",,,
trey.kaufen,available,72,14%,4,Sports,,,
eightieth.kaufen,available,72,1%,9,Mathematics,,,
ninetieth.kaufen,available,72,1%,9,Mathematics,,,
abreast.kaufen,available,72,2%,7,"Business,Technology",,,
champion.kaufen,available,72,28%,8,"Entertainment,Health and Fitness,Sports",,,
deep.kaufen,available,72,41%,4,"Engineering,Mathematics,Science",,,
absorbed.kaufen,available,72,2%,8,"Entertainment,Media,Technology",,,
trinity.kaufen,available,72,18%,7,Religion,,,
sixtieth.kaufen,available,72,1%,8,Mathematics,,,
lovely.kaufen,available,72,26%,6,"Entertainment,Fashion,Retail",,,
improvize.kaufen,available,72,1%,9,Entertainment,,,
ternary.kaufen,available,72,7%,7,Mathematics,,,
absolutist.kaufen,available,72,1%,10,"Humanities,Law,Politics",,,
aching.kaufen,available,72,4%,6,Healthcare,,,
ablaze.kaufen,available,72,6%,6,Entertainment,,,
existent.kaufen,available,72,3%,8,"Mathematics,Science",,,
addicted.kaufen,available,72,9%,8,Healthcare,,,
adaptative.kaufen,available,72,1%,10,"Business,Education,Technology",,,
engrossed.kaufen,available,72,1%,9,"Entertainment,Media,Technology",,,
adjunctive.kaufen,available,72,1%,10,"Healthcare,Manufacturing,Technology",,,
adjectival.kaufen,available,72,1%,10,Education,,,
abloom.kaufen,available,72,5%,6,Agriculture,,,
adonic.kaufen,available,72,2%,6,"Arts,Education,Entertainment",,,
adiabatic.kaufen,available,72,3%,9,"Engineering,Science",,,
seventieth.kaufen,available,72,1%,10,Mathematics,,,
adamantine.kaufen,available,70,4%,10,Religion,,,
accumbent.kaufen,available,70,1%,9,"Healthcare,Medicine,Science",,,
abulic.kaufen,available,70,1%,6,Medicine,,,
admired.kaufen,available,70,5%,7,"Business,Education,Healthcare",,,
practiced.kaufen,available,70,3%,9,"Education,Health and Fitness,Sports",,,
gymnastic.kaufen,available,70,3%,9,"Entertainment,Sports",,,
unity.kaufen,available,70,40%,5,Mathematics,,,
skillful.kaufen,available,70,9%,8,"Education,Health and Fitness,Sports",,,
miserable.kaufen,available,70,4%,9,Humanities,,,
adored.kaufen,available,70,6%,6,"Entertainment,Fashion,Retail",,,
lowdown.kaufen,available,70,6%,8,"Entertainment,Media",,,
adjusted.kaufen,available,70,5%,8,"Manufacturing,Retail,Technology",,,
stillborn.kaufen,available,70,2%,9,"Medicine,Science",,,
consequent.kaufen,available,70,3%,10,"Business,Education,General,Technology",,,
absorbing.kaufen,available,70,3%,9,"Entertainment,Media,Technology",,,
acuminate.kaufen,available,70,1%,9,"Engineering,Medicine,Science",,,
offhand.kaufen,available,70,2%,7,Entertainment,,,
recumbent.kaufen,available,70,2%,9,"Healthcare,Medicine,Science",,,
abradant.kaufen,available,70,1%,8,"Construction,Manufacturing",,,
tiptop.kaufen,available,70,24%,6,Fashion,,,
foursome.kaufen,available,68,4%,8,Sports,,,
abkhas.kaufen,available,68,0%,6,Geography,,,
vindicated.kaufen,available,68,2%,10,"Humanities,Law,Politics",,,
ennead.kaufen,available,68,5%,6,Mathematics,,,
sevener.kaufen,available,68,1%,7,Mathematics,,,
acerate.kaufen,available,68,1%,7,Science,,,
septenary.kaufen,available,68,1%,9,Mathematics,,,
thirtieth.kaufen,available,68,1%,9,Mathematics,,,
disciple.kaufen,available,68,14%,8,"Education,Religion",,,
licensed.kaufen,available,68,5%,8,"Business,Healthcare,Insurance",,,
decorated.kaufen,available,68,3%,9,"Entertainment,Fashion,Retail",,,
abducent.kaufen,available,68,0%,8,Medicine,,,
ablative.kaufen,available,68,3%,8,Science,,,
fiftieth.kaufen,available,68,0%,8,Mathematics,,,
stygian.kaufen,available,68,5%,7,Humanities,,,
overseas.kaufen,available,68,12%,8,"Hospitality,Travel",,,
activating.kaufen,available,68,3%,10,"Healthcare,Manufacturing,Technology",,,
aculeate.kaufen,available,68,1%,8,"Engineering,Medicine,Science",,,
aroused.kaufen,available,68,3%,7,"Entertainment,Health and Fitness",,,
achaian.kaufen,available,68,2%,7,Humanities,,,
aberdonian.kaufen,available,68,1%,10,Geography,,,
licenced.kaufen,available,68,2%,8,"Business,Healthcare,Insurance",,,
achaean.kaufen,available,68,2%,7,Humanities,,,
ane.kaufen,available,68,12%,3,Mathematics,,,
accredited.kaufen,available,68,9%,10,"Business,Education,Healthcare",,,
threesome.kaufen,available,68,5%,9,Entertainment,,,
octonary.kaufen,available,68,1%,8,Mathematics,,,
scurvy.kaufen,available,68,3%,6,Humanities,,,
abnaki.kaufen,available,68,1%,6,Geography,,,
fortieth.kaufen,available,68,0%,8,Mathematics,,,
xxi.kaufen,available,66,10%,3,Mathematics,,,
acervate.kaufen,available,66,1%,8,Science,,,
abstinent.kaufen,available,66,1%,9,"Health and Fitness,Religion",,,
fifty.kaufen,available,66,12%,5,Mathematics,,,
exonerated.kaufen,available,66,2%,10,"Humanities,Law,Politics",,,
onec.kaufen,available,66,6%,5,Mathematics,,,
according.kaufen,available,66,3%,9,"Business,Education,Technology",,,
performing.kaufen,available,66,6%,10,Entertainment,,,
xii.kaufen,available,66,10%,3,Mathematics,,,
eighty.kaufen,available,66,6%,6,Mathematics,,,
adopted.kaufen,available,66,4%,7,"Education,Healthcare",,,
sextet.kaufen,available,66,1%,6,Entertainment,,,
xvii.kaufen,available,66,5%,4,Mathematics,,,
modish.kaufen,available,66,5%,6,Fashion,,,
clv.kaufen,available,66,10%,3,Mathematics,,,
acappella.kaufen,available,66,6%,10,Entertainment,,,
thirty.kaufen,available,66,8%,6,Mathematics,,,
xxvi.kaufen,available,66,3%,4,Mathematics,,,
five.kaufen,available,66,26%,4,Mathematics,,,
four.kaufen,available,66,27%,4,Mathematics,,,
accessary.kaufen,available,66,1%,9,"Business,Law,Technology",,,
buzzing.kaufen,available,66,7%,7,"Entertainment,Media,Technology",,,
xiii.kaufen,available,66,9%,4,Mathematics,,,
century.kaufen,available,66,17%,7,Education,,,
latest.kaufen,available,66,18%,6,Technology,,,
ninety.kaufen,available,66,11%,6,Mathematics,,,
teenager.kaufen,available,66,4%,8,"Education,Entertainment,Healthcare",,,
tenner.kaufen,available,66,5%,6,Finance,,,
xxii.kaufen,available,66,6%,4,Mathematics,,,
xxv.kaufen,available,66,6%,3,Mathematics,,,
deuce.kaufen,available,66,9%,5,Sports,,,
maven.kaufen,available,66,30%,5,"Entertainment,Fashion,Technology",,,
xviii.kaufen,available,66,5%,5,Mathematics,,,
adorned.kaufen,available,66,5%,7,"Entertainment,Fashion,Retail",,,
xvi.kaufen,available,66,5%,3,Mathematics,,,
acrobatic.kaufen,available,66,4%,9,"Entertainment,Sports",,,
accordant.kaufen,available,64,3%,9,"Arts,Entertainment",,,
deviant.kaufen,available,64,12%,7,"Medicine,Science",,,
rising.kaufen,available,64,18%,6,"Construction,Manufacturing,Real Estate",,,
acentric.kaufen,available,64,2%,8,Science,,,
absolved.kaufen,available,64,1%,8,"Humanities,Law,Religion",,,
adagio.kaufen,available,64,14%,6,Entertainment,,,
nondrinker.kaufen,available,64,1%,10,"Health and Fitness,Religion",,,
scatty.kaufen,available,64,1%,6,"Arts,Entertainment,Media",,,
aflame.kaufen,available,64,3%,6,Entertainment,,,
astringent.kaufen,available,64,1%,10,"Healthcare,Pharmaceuticals",,,
ccc.kaufen,available,64,38%,3,Mathematics,,,
aborigine.kaufen,available,62,1%,9,Humanities,,,
wrapped.kaufen,available,62,13%,7,"Fashion,Hospitality,Retail",,,
admissible.kaufen,available,62,1%,10,"Education,Healthcare,Law",,,
exculpated.kaufen,available,62,1%,10,"Humanities,Law,Politics",,,
accusing.kaufen,available,62,1%,8,Law,,,
pungent.kaufen,available,62,1%,7,Food and Beverage,,,
chiliad.kaufen,available,62,2%,7,Mathematics,,,
adjuvant.kaufen,available,62,5%,8,"Healthcare,Manufacturing,Technology",,,
adoptive.kaufen,available,62,1%,8,"Education,Healthcare",,,
activation.kaufen,available,62,16%,10,"Healthcare,Manufacturing,Technology",,,
troika.kaufen,available,62,8%,6,Politics,,,
ensuant.kaufen,available,62,1%,7,"Healthcare,Insurance,Transportation",,,
eighteenth.kaufen,available,62,1%,10,Mathematics,,,
aufait.kaufen,available,62,3%,7,"Fashion,Media",,,
orso.kaufen,available,62,9%,5,"Business,Media,Technology",,,
longdozen.kaufen,available,62,2%,10,Mathematics,,,
activistic.kaufen,available,62,1%,10,"Humanities,Politics",,,
roughly.kaufen,available,62,3%,7,"Business,Media,Technology",,,
cumulative.kaufen,available,62,2%,10,"Banking,Finance,Insurance",,,
nail.kaufen,available,62,16%,4,"Construction,Fashion,General,Retail",,,
eleventh.kaufen,available,62,5%,8,Mathematics,,,
twodozen.kaufen,available,62,1%,9,Mathematics,,,
acidic.kaufen,available,62,5%,6,"Food and Beverage,Science",,,
fortyfour.kaufen,available,62,6%,10,Mathematics,,,
accrued.kaufen,available,62,2%,7,"Banking,Finance,Insurance",,,
playacting.kaufen,available,62,1%,10,Entertainment,,,
quartet.kaufen,available,62,7%,7,"Arts,Entertainment",,,
sixteenth.kaufen,available,62,1%,9,Mathematics,,,
eightysix.kaufen,available,60,7%,10,Mathematics,,,
acceptive.kaufen,available,60,1%,9,"Education,Healthcare",,,
adnate.kaufen,available,60,1%,6,"Agriculture,Manufacturing,Retail",,,
octet.kaufen,available,60,12%,5,Arts,,,
thou.kaufen,available,60,7%,4,Mathematics,,,
adnexal.kaufen,available,60,1%,7,"Agriculture,Manufacturing,Retail",,,
clx.kaufen,available,60,10%,3,Mathematics,,,
clxx.kaufen,available,60,3%,4,Mathematics,,,
cxxx.kaufen,available,60,4%,4,Mathematics,,,
cxv.kaufen,available,60,4%,3,Mathematics,,,
clxxx.kaufen,available,60,1%,5,Mathematics,,,
idolized.kaufen,available,60,3%,8,"Entertainment,Fashion,Retail",,,
sixty.kaufen,available,60,13%,5,Mathematics,,,
aboveboard.kaufen,available,60,5%,10,"Business,Law",,,
paunchy.kaufen,available,60,0%,7,"Health and Fitness,Medicine",,,
cautionary.kaufen,available,60,1%,10,"Business,Education,Healthcare",,,
cxxv.kaufen,available,60,1%,4,Mathematics,,,
annexal.kaufen,available,60,1%,7,"Agriculture,Manufacturing,Retail",,,
idolised.kaufen,available,60,1%,8,"Entertainment,Fashion,Retail",,,
abstainer.kaufen,available,60,0%,9,"Health and Fitness,Religion",,,
cxlv.kaufen,available,60,2%,4,Mathematics,,,
tertiary.kaufen,available,60,4%,8,Education,,,
xcl.kaufen,available,60,5%,3,Mathematics,,,
clxv.kaufen,available,60,1%,4,Mathematics,,,
cxx.kaufen,available,60,10%,3,Mathematics,,,
cxl.kaufen,available,60,7%,3,Mathematics,,,
abstemious.kaufen,available,60,0%,10,"Food and Beverage,Health and Fitness,Hospitality",,,
cxxxv.kaufen,available,60,2%,5,Mathematics,,,
clxxv.kaufen,available,60,1%,5,Mathematics,,,
abashed.kaufen,available,60,1%,7,Humanities,,,
tercet.kaufen,available,59,2%,6,"Arts,Entertainment,Media",,,
accretive.kaufen,available,58,6%,9,"Banking,Finance,Insurance",,,
addressed.kaufen,available,58,3%,9,"Business,Technology,Telecommunications",,,
accented.kaufen,available,58,3%,8,"Arts,Entertainment",,,
cypher.kaufen,available,58,29%,6,Mathematics,,,
closeto.kaufen,available,58,3%,8,"Business,Media,Technology",,,
fifth.kaufen,available,58,12%,5,Mathematics,,,
abused.kaufen,available,58,5%,6,"Healthcare,Law",,,
hexad.kaufen,available,58,4%,5,Mathematics,,,
octad.kaufen,available,58,5%,5,Mathematics,,,
adjustive.kaufen,available,58,1%,9,"Manufacturing,Retail,Technology",,,
quintet.kaufen,available,58,8%,7,"Arts,Entertainment",,,
addible.kaufen,available,58,2%,7,"Engineering,Mathematics,Science",,,
super.kaufen,available,58,47%,5,Business,,,
sextuplet.kaufen,available,58,1%,9,Healthcare,,,
niner.kaufen,available,58,5%,5,Mathematics,,,
fourscore.kaufen,available,58,4%,9,Mathematics,,,
acetic.kaufen,available,58,1%,6,"Food and Beverage,Science",,,
ache.kaufen,available,58,7%,4,Healthcare,,,
acyclic.kaufen,available,58,4%,7,"Engineering,Mathematics,Science",,,
adient.kaufen,available,58,4%,6,"Medicine,Science",,,
abridged.kaufen,available,58,4%,8,Media,,,
seventy.kaufen,available,58,7%,7,Mathematics,,,
abandoned.kaufen,available,58,10%,9,"Construction,Real Estate",,,
linear.kaufen,available,58,22%,6,"Engineering,Mathematics,Science",,,
alacarte.kaufen,available,58,11%,10,Food and Beverage,,,
actuarial.kaufen,available,58,8%,9,"Finance,Insurance,Mathematics",,,
eighter.kaufen,available,58,2%,7,Mathematics,,,
pentad.kaufen,available,58,2%,6,Mathematics,,,
tetrad.kaufen,available,58,5%,6,Mathematics,,,
seven.kaufen,available,58,36%,5,Mathematics,,,
lxxx.kaufen,available,58,2%,4,Mathematics,,,
centesimal.kaufen,available,58,1%,10,Mathematics,,,
sixer.kaufen,available,58,5%,5,Sports,,,
adhoc.kaufen,available,58,24%,6,"Business,Engineering,Technology",,,
fourth.kaufen,available,58,13%,6,Mathematics,,,
twelfth.kaufen,available,58,2%,7,Mathematics,,,
sixtyone.kaufen,available,58,3%,9,Mathematics,,,
lxxviii.kaufen,available,58,1%,7,Mathematics,,,
justabout.kaufen,available,58,3%,10,"Business,Media,Technology",,,
aucourant.kaufen,available,58,3%,10,"Fashion,Media",,,
heptad.kaufen,available,58,1%,6,Mathematics,,,
abuzz.kaufen,available,58,5%,5,"Entertainment,Media,Technology",,,
offhanded.kaufen,available,58,1%,9,Entertainment,,,
accoutred.kaufen,available,58,1%,9,"Fashion,Manufacturing,Retail",,,
enwrapped.kaufen,available,58,0%,9,"Entertainment,Fashion,Media",,,
admittible.kaufen,available,56,1%,10,"Education,Healthcare,Hospitality",,,
xlvii.kaufen,available,56,2%,5,Mathematics,,,
fiftysix.kaufen,available,56,4%,9,Mathematics,,,
potbellied.kaufen,available,56,0%,10,"Health and Fitness,Medicine",,,
addled.kaufen,available,56,2%,6,Entertainment,,,
xxvii.kaufen,available,56,3%,5,Mathematics,,,
liii.kaufen,available,56,4%,4,Mathematics,,,
ilx.kaufen,available,56,5%,3,Mathematics,,,
fortysix.kaufen,available,56,3%,9,Mathematics,,,
thirtytwo.kaufen,available,56,5%,10,Mathematics,,,
fiftyone.kaufen,available,56,7%,9,Mathematics,,,
xlvi.kaufen,available,56,3%,4,Mathematics,,,
xlv.kaufen,available,56,6%,3,Mathematics,,,
admissive.kaufen,available,56,1%,9,"Education,Healthcare,Hospitality",,,
xliv.kaufen,available,56,2%,4,Mathematics,,,
xxxii.kaufen,available,56,1%,5,Mathematics,,,
fortytwo.kaufen,available,56,17%,9,Mathematics,,,
fortynine.kaufen,available,56,3%,10,Mathematics,,,
xxviii.kaufen,available,56,1%,6,Mathematics,,,
lvi.kaufen,available,56,8%,3,Mathematics,,,
xxiv.kaufen,available,56,5%,4,Mathematics,,,
xxxvii.kaufen,available,56,2%,6,Mathematics,,,
abeyant.kaufen,available,56,1%,7,"Business,Law",,,
xxxvi.kaufen,available,56,1%,5,Mathematics,,,
fiftytwo.kaufen,available,56,6%,9,Mathematics,,,
xxiii.kaufen,available,56,5%,5,Mathematics,,,
triad.kaufen,available,56,15%,5,Arts,,,
maledict.kaufen,available,56,1%,8,Religion,,,
xliii.kaufen,available,56,1%,5,Mathematics,,,
xlviii.kaufen,available,56,1%,6,Mathematics,,,
xxxviii.kaufen,available,56,1%,7,Mathematics,,,
fiftyfive.kaufen,available,56,7%,10,Mathematics,,,
thirtyone.kaufen,available,56,5%,10,Mathematics,,,
xxxv.kaufen,available,56,4%,4,Mathematics,,,
lviii.kaufen,available,56,1%,5,Mathematics,,,
fiftyfour.kaufen,available,56,3%,10,Mathematics,,,
halfdozen.kaufen,available,56,1%,10,Mathematics,,,
abdominous.kaufen,available,56,0%,10,"Health and Fitness,Medicine",,,
thirtysix.kaufen,available,56,5%,10,Mathematics,,,
lii.kaufen,available,56,7%,3,Mathematics,,,
admittable.kaufen,available,56,1%,10,"Education,Healthcare,Hospitality",,,
xxxiii.kaufen,available,56,2%,6,Mathematics,,,
lvii.kaufen,available,56,1%,4,Mathematics,,,
xlii.kaufen,available,56,5%,4,Mathematics,,,
terzetto.kaufen,available,56,3%,8,Arts,,,
aone.kaufen,available,56,15%,5,Food and Beverage,,,
xxxi.kaufen,available,56,9%,4,Mathematics,,,
fiftynine.kaufen,available,56,4%,10,Mathematics,,,
xxix.kaufen,available,56,4%,4,Mathematics,,,
xli.kaufen,available,56,5%,3,Mathematics,,,
accoutered.kaufen,available,56,0%,10,"Fashion,Manufacturing,Retail",,,
xxxiv.kaufen,available,56,1%,5,Mathematics,,,
fortyone.kaufen,available,56,4%,9,Mathematics,,,
appressed.kaufen,available,56,0%,9,"Agriculture,Manufacturing,Retail",,,
quadruplet.kaufen,available,54,1%,10,"Healthcare,Medicine,Science",,,
ternion.kaufen,available,54,3%,7,Mathematics,,,
adducent.kaufen,available,54,1%,8,"Engineering,Mathematics,Science",,,
topnotch.kaufen,available,54,18%,8,Business,,,
adductive.kaufen,available,54,0%,9,"Engineering,Mathematics,Science",,,
fin.kaufen,available,54,30%,3,Finance,,,
quaternity.kaufen,available,54,4%,10,Mathematics,,,
viii.kaufen,available,54,6%,4,Mathematics,,,
sise.kaufen,available,54,5%,4,Mathematics,,,
admonitory.kaufen,available,54,0%,10,"Business,Education,Healthcare",,,
iii.kaufen,available,54,24%,3,Mathematics,,,
achromatic.kaufen,available,54,4%,10,Science,,,
threescore.kaufen,available,54,1%,10,Mathematics,,,
abient.kaufen,available,54,1%,6,Science,,,
quatern.kaufen,available,54,2%,7,Mathematics,,,
twoscore.kaufen,available,54,2%,8,Mathematics,,,
acoustical.kaufen,available,54,4%,10,Science,,,
scratchy.kaufen,available,54,3%,8,Fashion,,,
monitory.kaufen,available,54,3%,8,"Business,Education,Healthcare",,,
deuceace.kaufen,available,54,2%,9,Sports,,,
abaxial.kaufen,available,54,1%,7,Science,,,
adducting.kaufen,available,54,1%,9,"Engineering,Mathematics,Science",,,
adpressed.kaufen,available,54,0%,9,"Agriculture,Manufacturing,Retail",,,
aboral.kaufen,available,54,2%,6,Science,,,
deserted.kaufen,available,54,3%,8,"Hospitality,Real Estate",,,
abducens.kaufen,available,54,1%,8,Medicine,,,
quintuplet.kaufen,available,54,1%,10,"Healthcare,Medicine,Science",,,
unnatural.kaufen,available,54,4%,9,"Medicine,Science",,,
accursed.kaufen,available,54,3%,8,"Entertainment,Media,Religion",,,
abatic.kaufen,available,54,1%,6,Science,,,
quaternion.kaufen,available,54,6%,10,Mathematics,,,
fortyfive.kaufen,available,54,4%,10,Mathematics,,,
abatable.kaufen,available,54,1%,8,Law,,,
accentual.kaufen,available,54,3%,9,"Arts,Entertainment",,,
adaxial.kaufen,available,54,2%,7,Science,,,
adjuratory.kaufen,available,54,0%,10,"Law,Politics,Religion",,,
abhorrent.kaufen,available,54,1%,9,Humanities,,,
abasic.kaufen,available,54,1%,6,Science,,,
actuated.kaufen,available,54,2%,8,"Automotive,Manufacturing,Technology",,,
vii.kaufen,expiring,54,13%,3,Mathematics,31/08/2023 09:21,31/08/2025 09:21,"Network Solutions, LLC"
achy.kaufen,available,54,3%,4,Healthcare,,,
septet.kaufen,available,53,1%,6,General,,,
sestet.kaufen,available,53,1%,6,Arts,,,
xxx.kaufen,available,53,30%,3,"Arts,Entertainment,Media",,,
lxxvi.kaufen,available,52,1%,5,Mathematics,,,
xciv.kaufen,available,52,2%,4,Mathematics,,,
eightyone.kaufen,available,52,3%,10,Mathematics,,,
xcv.kaufen,available,52,7%,3,Mathematics,,,
abysmal.kaufen,available,52,4%,7,"Arts,Entertainment,Media",,,
abstruse.kaufen,available,52,5%,8,"Humanities,Mathematics,Science",,,
lxxi.kaufen,available,52,1%,4,Mathematics,,,
lxxxi.kaufen,available,52,1%,5,Mathematics,,,
lxxiv.kaufen,available,52,1%,5,Mathematics,,,
sixtytwo.kaufen,available,52,3%,9,Mathematics,,,
lxxxvii.kaufen,available,52,1%,7,Mathematics,,,
lxxxiii.kaufen,available,52,1%,7,Mathematics,,,
chagrined.kaufen,available,52,1%,9,Humanities,,,
xciii.kaufen,available,52,1%,5,Mathematics,,,
repugnant.kaufen,available,52,1%,9,Humanities,,,
lxvi.kaufen,available,52,3%,4,Mathematics,,,
xcii.kaufen,available,52,2%,4,Mathematics,,,
xci.kaufen,available,52,4%,3,Mathematics,,,
ninetysix.kaufen,available,52,4%,10,Mathematics,,,
lxxxv.kaufen,available,52,1%,5,Mathematics,,,
eightytwo.kaufen,available,52,4%,10,Mathematics,,,
lxxiii.kaufen,available,52,1%,6,Mathematics,,,
aboulic.kaufen,available,52,1%,7,Medicine,,,
lxv.kaufen,available,52,5%,3,Mathematics,,,
abusive.kaufen,available,52,3%,7,"Healthcare,Law",,,
lxxxvi.kaufen,available,52,1%,6,Mathematics,,,
ninetyone.kaufen,available,52,5%,10,Mathematics,,,
xcvi.kaufen,available,52,2%,4,Mathematics,,,
lxviii.kaufen,available,52,1%,6,Mathematics,,,
lxxxii.kaufen,available,52,1%,6,Mathematics,,,
detestable.kaufen,available,52,1%,10,Humanities,,,
lxvii.kaufen,available,52,1%,5,Mathematics,,,
lxiv.kaufen,available,52,3%,4,Mathematics,,,
lxxxiv.kaufen,available,52,1%,6,Mathematics,,,
littlejoe.kaufen,available,52,2%,10,"Entertainment,Media",,,
ixc.kaufen,available,52,5%,3,Mathematics,,,
xcviii.kaufen,available,52,1%,6,Mathematics,,,
lxii.kaufen,available,52,1%,4,Mathematics,,,
lxxvii.kaufen,available,52,2%,6,Mathematics,,,
odious.kaufen,available,52,2%,6,"Entertainment,Humanities",,,
ixl.kaufen,available,52,9%,3,Mathematics,,,
uphill.kaufen,available,52,7%,6,"Sports,Transportation,Travel",,,
sixtyfour.kaufen,available,52,3%,10,Mathematics,,,
lxxv.kaufen,available,52,1%,4,Mathematics,,,
ninetytwo.kaufen,available,52,4%,10,Mathematics,,,
tierce.kaufen,available,52,3%,6,General,,,
lxxii.kaufen,available,52,1%,5,Mathematics,,,
abominable.kaufen,available,52,2%,10,"Entertainment,Humanities",,,
decumbent.kaufen,available,52,1%,9,"Healthcare,Medicine,Science",,,
repulsive.kaufen,available,52,1%,9,Humanities,,,
sixtyfive.kaufen,available,52,3%,10,Mathematics,,,
adenoidal.kaufen,available,52,1%,9,"Health and Fitness,Medicine,Science",,,
sixtysix.kaufen,available,52,4%,9,Mathematics,,,
xcvii.kaufen,available,52,1%,5,Mathematics,,,
ablated.kaufen,available,52,1%,7,Science,,,
lxi.kaufen,available,52,5%,3,Mathematics,,,
lxiii.kaufen,available,52,2%,5,Mathematics,,,
abdicable.kaufen,available,50,0%,9,Law,,,
gillless.kaufen,available,50,0%,9,Science,,,
abomasal.kaufen,available,50,0%,8,Agriculture,,,
abbatial.kaufen,available,50,0%,8,Religion,,,
acapnic.kaufen,available,50,0%,7,"Healthcare,Medicine,Science",,,
acerbic.kaufen,available,50,2%,7,"Arts,Humanities,Media",,,
abranchial.kaufen,available,50,0%,10,Science,,,
scummy.kaufen,available,50,1%,6,Humanities,,,
trine.kaufen,available,50,11%,5,"General,Religion",,,
needlelike.kaufen,available,50,0%,10,"Engineering,Medicine,Science",,,
acerose.kaufen,available,50,1%,7,Science,,,
acetous.kaufen,available,50,1%,7,Science,,,
abactinal.kaufen,available,50,0%,9,Science,,,
ogdoad.kaufen,available,50,1%,6,Mathematics,,,
quint.kaufen,available,50,13%,5,"Arts,Entertainment",,,
triplet.kaufen,available,50,8%,7,Science,,,
acetose.kaufen,available,50,1%,7,Science,,,
adactylous.kaufen,available,50,0%,10,Science,,,
lxx.kaufen,available,50,5%,3,Mathematics,,,
abducting.kaufen,available,50,0%,9,Medicine,,,
spinous.kaufen,available,50,1%,7,"Agriculture,Science",,,
cinque.kaufen,available,50,7%,6,Mathematics,,,
acquitted.kaufen,available,50,1%,9,Law,,,
acellular.kaufen,available,50,1%,9,Science,,,
acerb.kaufen,available,50,2%,5,Science,,,
broached.kaufen,available,50,0%,8,Food and Beverage,,,
acaudal.kaufen,available,50,1%,7,"Agriculture,Science",,,
acapnotic.kaufen,available,50,0%,9,"Healthcare,Medicine,Science",,,
aborticide.kaufen,available,50,0%,10,Medicine,,,
vinegary.kaufen,available,50,1%,8,Food and Beverage,,,
aculeated.kaufen,available,50,0%,9,"Engineering,Medicine,Science",,,
adhominem.kaufen,available,50,2%,10,"Humanities,Law,Politics",,,
apriori.kaufen,available,48,13%,8,Mathematics,,,
execrable.kaufen,available,48,0%,9,"Entertainment,Humanities",,,
abyssal.kaufen,available,48,12%,7,"Arts,Entertainment,Media",,,
ilxx.kaufen,available,48,1%,4,Mathematics,,,
lxxxviii.kaufen,available,48,1%,8,Mathematics,,,
abstracted.kaufen,available,48,5%,10,"Arts,Humanities,Science",,,
notguilty.kaufen,available,48,5%,10,Law,,,
ilxxx.kaufen,available,48,1%,5,Mathematics,,,
acicular.kaufen,available,46,2%,8,Science,,,
cotyloid.kaufen,available,46,1%,8,Science,,,
quaternary.kaufen,available,46,3%,10,Mathematics,,,
achenial.kaufen,available,46,1%,8,Science,,,
acanthotic.kaufen,available,46,0%,10,"Agriculture,Science",,,
acetonic.kaufen,available,46,1%,8,Science,,,
acarpelous.kaufen,available,46,0%,10,"Agriculture,Science",,,
acanthous.kaufen,available,46,0%,9,"Agriculture,Science",,,
acanthoid.kaufen,available,46,1%,9,"Agriculture,Science",,,
achromous.kaufen,available,46,1%,9,Science,,,
acetylenic.kaufen,available,46,1%,10,Science,,,
vinegarish.kaufen,available,46,1%,10,Food and Beverage,,,
acetabular.kaufen,available,46,1%,10,Science,,,
acapnial.kaufen,available,46,0%,8,"Healthcare,Medicine,Science",,,
acheronian.kaufen,available,46,1%,10,Humanities,,,
stripling.kaufen,available,46,2%,9,"Education,Entertainment,Healthcare",,,
acaudate.kaufen,available,46,1%,8,"Agriculture,Science",,,
theabsurd.kaufen,available,46,1%,10,"Arts,Entertainment,Media",,,
acetylic.kaufen,available,46,1%,8,Science,,,
achromic.kaufen,available,46,2%,8,Science,,,
stemless.kaufen,available,46,2%,8,"Agriculture,Science",,,
acephalous.kaufen,available,46,1%,10,Science,,,
acarpous.kaufen,available,46,0%,8,"Agriculture,Science",,,
cotyloidal.kaufen,available,44,1%,10,Science,,,
accusatory.kaufen,available,44,1%,10,Law,,,
acherontic.kaufen,available,44,1%,10,Humanities,,,
phoebe.kaufen,available,41,14%,6,Science,,,
abscessed.kaufen,available,41,0%,9,Healthcare,,,
scurrilous.kaufen,available,40,1%,10,"Entertainment,Media,Politics",,,
accurst.kaufen,available,40,1%,7,Religion,,,
accusive.kaufen,available,40,1%,8,Law,,,